input,output
50,6.057142857
100,14.62857143
150,19.65714286
200,31.08571429
250,38.97142857
300,42.28571429
350,49.82857143
400,59.88571429
450,78.74285714
500,82.17142857
550,63.65714286
600,91.88571429
650,110.4
700,125.9428571
750,105.7142857
800,124.9142857
850,142.2857143
900,139.8857143
950,132.4571429
1000,158.4
1050,164.4571429
1100,177.7142857
1150,169.2571429
1200,190.8571429
1250,199.5428571
1300,223.5428571
1350,234.1714286
1400,224.6857143
1450,220.8
1500,249.9428571
